filename,pred,confidence,area,perimeter,form_factor,aspect_ratio,extent,solidity,eccentricity,hu_1,hu_2,hu_3,hu_4,hu_5,hu_6,hu_7,glcm_contrast,glcm_dissimilarity,glcm_homogeneity,glcm_ASM,glcm_energy,glcm_correlation,lbp_0,lbp_1,lbp_2,lbp_3,lbp_4,lbp_5,lbp_6,lbp_7,lbp_8,lbp_9,h_mean,s_mean,v_mean,h_std,s_std,v_std
Sa_624.jpg,Sa,0.9977753758430481,0.377166748046875,1.2993537373840809,0.7018244113666209,1.202247190876152,0.6489026567251402,0.9414229128565792,0.7381570881906181,-3.1709320126408986,-7.3211866445936105,-11.232784432859154,-12.218644169464289,-23.9451418612202,-15.992597621626317,-25.166025784696146,0.3804922871675777,0.15743643556229045,0.9416655463697196,0.4156045727652247,0.6444952833487831,0.8653900331469572,0.06104697137434762,0.08461173493594813,0.048869207654594335,0.10469713743476199,0.14945437292424482,0.13158310928356792,0.09979440139174442,0.08334651273129844,0.09141230428594022,0.14518424798355212,31.68954610153408,181.3140914123043,100.19373715008699,1.7282380440445784,28.67285968033477,18.248923162271776
