filename,pred,confidence,area,perimeter,form_factor,aspect_ratio,extent,solidity,eccentricity,hu_1,hu_2,hu_3,hu_4,hu_5,hu_6,hu_7,glcm_contrast,glcm_dissimilarity,glcm_homogeneity,glcm_ASM,glcm_energy,glcm_correlation,lbp_0,lbp_1,lbp_2,lbp_3,lbp_4,lbp_5,lbp_6,lbp_7,lbp_8,lbp_9,h_mean,s_mean,v_mean,h_std,s_std,v_std
Sa_623.jpg,Sa,0.9992550015449524,0.36944580078125,1.214364052284509,0.7870508673853329,1.3132530118899697,0.6690615673696594,0.9684025277962268,0.6278578831648977,-3.190941383722264,-7.733622927192781,-11.399308080421264,-12.8657647268631,-25.002832648051363,-16.732620749828072,25.84058099203333,0.3539707757670744,0.14190942940491139,0.9478144911619969,0.43428268243012297,0.6588588678156321,0.8735978393113921,0.06127728375101051,0.083589329021827,0.05675020210185934,0.113338722716249,0.14308811641067098,0.1196443007275667,0.08908649959579629,0.09167340339531124,0.09442198868229587,0.1471301535974131,32.93581244947453,180.86984640258692,98.79110751818916,1.7003265434842758,31.424056678494566,20.31055617516326
