filename,pred,confidence,area,perimeter,form_factor,aspect_ratio,extent,solidity,eccentricity,hu_1,hu_2,hu_3,hu_4,hu_5,hu_6,hu_7,glcm_contrast,glcm_dissimilarity,glcm_homogeneity,glcm_ASM,glcm_energy,glcm_correlation,lbp_0,lbp_1,lbp_2,lbp_3,lbp_4,lbp_5,lbp_6,lbp_7,lbp_8,lbp_9,h_mean,s_mean,v_mean,h_std,s_std,v_std
Sa_625.jpg,Sa,0.9996404647827148,0.2845458984375,1.0368021628819406,0.8315922122277424,1.1025641024227484,0.6949910554551357,0.9805447470796498,0.4910985382760689,-3.1974635465806034,-8.252729487039238,-11.178872978047012,-13.199975029923042,-25.59177376117035,-17.570720968273093,25.49805820208458,0.22488960284281614,0.10580140769065134,0.9584165468658464,0.5270119158814733,0.7258656209552038,0.8679912889326517,0.05612565445026178,0.08774869109947644,0.042094240837696334,0.08774869109947644,0.12921465968586388,0.13403141361256546,0.10010471204188481,0.09361256544502618,0.12020942408376964,0.14910994764397906,36.72439790575916,202.51560209424085,84.24523560209424,2.0267998991513205,31.608563315963327,11.5791637122175
