filename,pred,confidence,area,perimeter,form_factor,aspect_ratio,extent,solidity,eccentricity,hu_1,hu_2,hu_3,hu_4,hu_5,hu_6,hu_7,glcm_contrast,glcm_dissimilarity,glcm_homogeneity,glcm_ASM,glcm_energy,glcm_correlation,lbp_0,lbp_1,lbp_2,lbp_3,lbp_4,lbp_5,lbp_6,lbp_7,lbp_8,lbp_9,h_mean,s_mean,v_mean,h_std,s_std,v_std
Sa_622.jpg,Sa,0.9897513389587402,0.31854248046875,1.1090102922171354,0.8136658277793523,0.6826923076266642,0.7067984832059767,0.9857399187817816,0.7392993504784751,-3.1723783090820437,-7.252811692911537,-11.133448409633349,-12.328925858650514,-24.073111767155247,-15.971626005128334,-24.67799551452047,0.29178130674616376,0.12634547580436103,0.9523969825829335,0.4626965960183223,0.6800911641499415,0.8630254554145381,0.044382022471910115,0.06704119850187266,0.041947565543071164,0.12097378277153559,0.1911985018726592,0.17846441947565542,0.09606741573033707,0.06891385767790262,0.07715355805243446,0.11385767790262172,32.681835205992506,182.9314606741573,91.49831460674157,2.2897114784380315,37.32618874237263,20.843544994697194
