filename,pred,confidence,area,perimeter,form_factor,aspect_ratio,extent,solidity,eccentricity,hu_1,hu_2,hu_3,hu_4,hu_5,hu_6,hu_7,glcm_contrast,glcm_dissimilarity,glcm_homogeneity,glcm_ASM,glcm_energy,glcm_correlation,lbp_0,lbp_1,lbp_2,lbp_3,lbp_4,lbp_5,lbp_6,lbp_7,lbp_8,lbp_9,h_mean,s_mean,v_mean,h_std,s_std,v_std
rhizophora_apiculata15.jpg,Bg,0.6149911880493164,0.41109864925567435,5.605030565140142,0.03788448798781403,1.7780847145324303,0.4110986492556724,0.4801448285771863,0.8929215731113673,-2.7261778589076426,-5.690481463641358,-8.878412599255105,-9.20657194632502,-18.294218962521438,-12.114689670237127,-18.61227596199903,0.15171668531644902,0.0660304743870566,0.9747426683208138,0.3971392025657456,0.6301738750475896,0.9681964594818212,0.018938810243908047,0.05994549155349072,0.02629860048988604,0.13590542669533917,0.16244207040099357,0.2097333226003059,0.10070377994227164,0.07320806357018825,0.11769109580376959,0.09513333869984705,46.07134971653308,89.74249013903103,113.65708897296427,14.523939868204785,43.2145524968329,38.25717586346889
